name,location,price,capacity,rating,reviews,description
Terminus 330,"Atlanta, Georgia",$$,151-200 Guests,4.9,17,"Located in the heart of the Centennial Park District in downtown Atlanta, Terminus 330 is an award-winning venue."
Journeyman's Hall,"Atlanta, GA",$$,151-200 Guests,5,4,"Journeyman's Hall is a wedding venue located in South Downtown Atlanta, led by owner Chef Vincent Marra."
Monday Night Brewing: The Garage,Metro Atlanta,$$,300+ Guests,4.9,14,Monday Night Garage is one of Atlanta’s most charming and inviting private event spaces.
Wahoo! Grill,"Decatur, GA",$$,201-250 Guests,5,107,"Book your wedding at Wahoo! and you can relax, enjoy and leave the rest to our outstanding staff."
Park Tavern: The Piedmont Room & Piedmont Garden Tent,Georgia,$$,251-300 Guests,4.7,133,"Located in the heart of the city overlooking Piedmont Park, our venues celebrate what Atlanta is all about."
Emory Conference Center Hotel,"Atlanta, GA",$$,300+ Guests,4.8,41,Emory Conference Center Hotel is an elegant venue offering versatility and unique surroundings.
Factory Atlanta,"Atlanta, GA",$$$,300+ Guests,5,6,Factory Atlanta is a versatile wedding venue perfect for couples who love to get creative.
The Kimpton Shane,"Atlanta, GA",$$$,51-100 Guests,0,0,"The Kimpton Shane is a boutique hotel venue in Atlanta, GA, specializing in weddings and events."
FORTH Hotel Atlanta,Georgia,$$$$,151-200 Guests,0,0,FORTH Hotel Atlanta is a deluxe wedding venue in the trendy Old Fourth Ward neighborhood.
Atlanta Botanical Garden,"Atlanta, GA",$$$,151-200 Guests,4.7,21,"The Atlanta Botanical Garden is a versatile indoor/outdoor wedding venue in Atlanta, GA."
The Westside Warehouse,"Atlanta, GA",$$,151-200 Guests,5,37,The Westside Warehouse is located in the heart of Atlanta’s west-midtown creative district.
Waldorf Astoria Atlanta Buckhead,"Atlanta, GA",$$$$,51-100 Guests,4.9,7,"Tie the knot at Waldorf Astoria Atlanta Buckhead, surrounded by the city's best scenery."
Historic DeKalb Courthouse,"Decatur, GA",$$,101-150 Guests,4.8,93,Wow your guests in the Historic DeKalb Courthouse; a premier wedding venue in the heart of Decatur.
Swan Coach House,"Atlanta, GA",$$,101-150 Guests,4.5,8,Swan Coach House is an elegant wedding venue originally part of Atlanta’s famed Inman family estate.
THE TROLLEY BARN,"Atlanta, GA",$$,201-250 Guests,4.2,43,This 1889 structure features hardwood floors and a patio and garden area off of the main hall.
42West Entertainment Group,"Atlanta, GA",$$$,251-300 Guests,5,6,42West Entertainment Group is a wedding venue that offers a distinct blend of industrial modernity and refined elegance.
Intercontinental Buckhead Atlanta,"Atlanta, GA",$$$,300+ Guests,5,2,InterContinental Buckhead Atlanta is a hotel wedding venue that combines classic charm with modern luxury.
Callanwolde Fine Arts Center,Georgia,$$$,151-200 Guests,4.6,38,Callanwolde Fine Arts Center is a unique wedding venue with a century-long legacy.
Renaissance Atlanta Midtown Hotel,Midtown Atlanta,$$$,300+ Guests,5,2,Renaissance Atlanta Midtown Hotel is located in the heart of the arts and music district.
Renaissance Concourse Atlanta Airport Hotel,"Atlanta, GA",$$$,300+ Guests,0,0,Renaissance Concourse Atlanta Airport Hotel is an elegant wedding venue that combines luxury and convenience.
Omni Atlanta Hotel at Centennial Park,"Atlanta, GA",$$$,300+ Guests,4.9,85,Omni Atlanta Hotel at CNN Center is the perfect Atlanta wedding venue across from Centennial Olympic Park.
The Wimbish House,"Atlanta, GA",$$,201-250 Guests,4.9,4,The Wimbish House has been the destination for weddings and events for nearly a century.
Grand Hyatt Atlanta in Buckhead,"Atlanta, GA",$$$,300+ Guests,5,4,Grand Hyatt Atlanta in Buckhead offers a luxurious yet down-to-earth vibe for your special day.
Rhodes Hall,"Atlanta, GA",$$,101-150 Guests,4.5,21,"Rhodes Hall is known as the 'Castle on Peachtree,' a unique venue for weddings and receptions."
SCAD Ivy Hall,Georgia,$$,101-150 Guests,4.5,4,SCAD Ivy Hall is a historic wedding venue originally constructed in 1883.
Hotel Colee,"Atlanta, GA",$$$,251-300 Guests,0,0,Hotel Colee is recognized as one of the best hotels in the South.
Epicurean Hotel Atlanta,"Atlanta, GA",$$$,101-150 Guests,5,3,Epicurean Hotel Atlanta is a luxe and lavish wedding venue inspired by sleek modern architecture.
Pristine Chapel Lakeside,"Jonesboro, GA",$$,251-300 Guests,4.8,105,Pristine Chapel is a luxe ceremony and reception venue serving the larger Atlanta area.
Enon Ranch,"Atlanta, GA",$$,251-300 Guests,5,2,Enon Ranch is a beautiful wedding venue aiming to create a space for love and celebration.
Olde Towne Special Events,"Atlanta, GA",$$,151-200 Guests,5,67,Olde Towne Special Events is a full-service events facility that hosts weddings and milestone occasions.
Vecoma At The Yellow River,"Snellville, GA",$$,251-300 Guests,4.9,202,Discover Vecoma at the Yellow River – Atlanta’s Premier All-Inclusive Wedding Venue nestled on 70 acres of lush forest along the scenic Yellow River.
Primrose Cottage,"Roswell, GA",$$,300+ Guests,4.9,273,"Primrose Cottage is an enchanting wedding venue located in Roswell, GA, situated on a stately front lawn in Historic Roswell."
Flint Hill,"Norcross, GA",$$,251-300 Guests,4.8,207,"Flint Hill is a beautifully restored historic mansion located on a private estate in Norcross, GA."
Little Gardens,"Lawrenceville, GA",$$,251-300 Guests,4.9,216,"Little Gardens in Lawrenceville, GA is a serene wedding venue with indoor and outdoor spaces."
Roswell Historic Hall,"Roswell, GA",$$,300+ Guests,4.6,47,"Roswell Historic Hall is a romantic wedding venue located in Roswell, GA, offering a variety of event options."
Brick and Ivey,"Marietta, GA",$$,151-200 Guests,5,106,"Brick and Ivey is North Atlanta's newest wedding venue situated in Marietta, GA."
The Atrium,"Norcross, GA",$$,101-150 Guests,4.8,152,"The Atrium is a contemporary wedding venue situated on a magnificent garden property in Norcross, GA."
Naylor Hall,"Roswell, GA",,201-250 Guests,5,176,Naylor Hall began life 170 years ago and has been beautifully renovated for modern events.
Stanley House Mansion,"Marietta, GA",$$,101-150 Guests,5,51,Stanley House Mansion is a stunning wedding venue dating back to the late 19th century.
Country Club of Roswell,"Roswell, GA",$$,201-250 Guests,4.7,23,Country Club of Roswell offers a variety of event options for newly engaged couples.
Kimball Hall,"Roswell, GA",$$,151-200 Guests,5,165,Kimball Hall is a newly refurnished venue that seats up to 200 guests.
Ivy Hall,"Roswell, GA",$$$,201-250 Guests,4.9,89,Ivy Hall is a unique and cherished piece of Southern history.
Huntcliff River Club,"Atlanta Area, GA",$$,101-150 Guests,4.9,30,The Huntcliff River Club is surrounded by century-old river oaks and manicured lawns.
Casa Hacienda,"Marietta, GA",$$,201-250 Guests,,,"Casa Hacienda is a fantastic wedding and event venue situated in Marietta, GA."
Eden Garden House,"Lithonia, GA",$$$,151-200 Guests,,,Eden Garden House is a beautiful wedding venue that has undergone many renovations.
The 173 Carlyle House,"Norcross, GA",$$,300+ Guests,4.9,113,"173 Carlyle House is a beautiful turn-of-the-century mansion with elegant, spacious rooms."
Roswell Mill Club,"Roswell, GA",$$,151-200 Guests,4.8,41,Roswell Mill is a unique and cherished piece of Southern history.
Whitestone Reserve,"Austell, GA",$$,101-150 Guests,5,21,Whitestone Reserve is a stunning new metro Atlanta wedding venue featuring gorgeous chandeliers.
The Reserves at Hamilton Homes,"Mableton, GA",$$$,101-150 Guests,5,1,The Reserves at Hamilton Homes is located just 20 minutes from Atlanta with gorgeous sunset views.
Chattahoochee Nature Center,"Roswell, GA",$$,151-200 Guests,4.9,40,"Chattahoochee Nature Center is a wedding venue nestled in Roswell, GA, connecting people with nature."
Westin Atlanta Airport,"Atlanta, GA",,300+ Guests,4,4,The Westin Atlanta Airport offers convenient access for out-of-town guests.
The Foxglove,"Marietta, GA",$$,300+ Guests,5,3,"The Foxglove is a characterful venue welcoming weddings in Marietta, GA."
Brumby Hall & Gardens,"Marietta, GA",$$,151-200 Guests,4,2,Brumby Hall & Gardens is a historic wedding venue surrounded by meticulously kept gardens.
Conservatory at Waterstone,"Acworth, GA",$$,201-250 Guests,4.9,103,Conservatory at Waterstone is a historic banquet hall wedding venue with a dedicated staff.
The Cotton Gin at Mill Creek,"Hiram, GA",$$,151-200 Guests,5,100,The Cotton Gin at Mill Creek is an all-inclusive wedding venue offering a proven planning experience.
Ashton Gardens Atlanta by Walters Wedding Estates,"Sugar Hill, GA",$$$,251-300 Guests,4.8,493,"Ashton Gardens is the Atlanta area’s premier wedding venue, blending city convenience with serene landscapes."
The Wildflower Barn at Little River Farms,"Alpharetta, GA",$,101-150 Guests,5,85,"The Wildflower Barn at Little River is a historic, family-owned barn renovated for weddings."
Little River Farms,"Alpharetta, GA",$$,201-250 Guests,4.9,193,Little River Farms is a peaceful retreat away from the hustle and bustle of the city.
Venue 92,"Woodstock, GA",$$,151-200 Guests,5,88,"Venue 92 can fulfill any vision you have for your big day, from romantic garden affairs to glamorous parties."
SomeTheme Weddings & Events,"Milton, GA",$$$,51-100 Guests,5,10,SomeTheme Weddings & Events exudes timeless elegance without feeling stuffy or outdated.
TPC Sugarloaf,"Duluth, GA",$$$,201-250 Guests,5,39,"TPC Sugarloaf is a remarkably elegant wedding venue located in Duluth, Georgia, featuring a breathtaking ceremony lawn overlooking the 18th hole of their championship golf course."
Douglasville Conference Center,"Douglasville, GA",$$,300+ Guests,3,1,"Based in Douglasville, GA, the Douglasville Conference Center is a wedding venue with elegant spaces and exemplary service."
Payne Corley House,"Duluth, GA",$$,151-200 Guests,5,192,"The Payne-Corley House is a restored farmhouse offering a tranquil retreat for celebrations, with picturesque grounds."
The Grande At Kennesaw,"Kennesaw, GA",$$,201-250 Guests,4.7,9,The Grande At Kennesaw is a charming Victorian-style farmhouse nestled on 2.5 acres of stunning landscaped gardens.
Governors Towne Club,"Acworth, GA",$$,201-250 Guests,4.2,13,Governors Towne Club is an elegant event venue with a pristine golf course and sophisticated spaces.
Breckinridge Banquet Hall,"Duluth, GA",$$,101-150 Guests,4.8,27,"Breckinridge Banquet Hall offers a memorable locale for wedding celebrations, accommodating both intimate gatherings and large receptions."
Kite Manor Events & Studio,"Fayetteville, GA",$$$,51-100 Guests,0,0,Kite Manor Events & Studio is a unique venue offering polished modern indoor areas and rustic outdoor spaces.
Genesis Ballroom,"Suwanee, GA",$$,251-300 Guests,0,0,"Genesis Ballroom is an opulent wedding venue perfect for lavish occasions, blending elegance with contemporary and industrial styles."
St Ives Country Club,"Johns Creek, GA",$$$,201-250 Guests,4.7,14,St Ives Country Club features a stunning clubhouse atop one of the highest points in Johns Creek.
Atlanta Marriott Alpharetta,"Alpharetta, GA",$$,300+ Guests,5,2,The Atlanta Marriott Alpharetta is a luxurious hotel venue ideal for hosting sophisticated and memorable events.
Cherry Hollow Farm,"Chattahoochee Hills, GA",$$,151-200 Guests,5,6,"Cherry Hollow Farm is a one-of-a-kind indoor/outdoor wedding venue featuring two bars, a stage, and a cocktail lounge."
Vines Mansion & Gardens,"Loganville, GA",$$,300+ Guests,4.5,31,"Vines Mansion offers an open vendor policy, allowing couples to bring in their own catering and other services."
Hilton Alpharetta Atlanta,"Alpharetta, GA",$$,251-300 Guests,5,1,Hilton Alpharetta Atlanta is a full-service hotel venue that opened in spring 2021.
Atlanta Cosmopolitan Event Center,"Douglasville, GA",$$,0,0,0,Atlanta Cosmopolitan Event Center offers everything needed to bring dream wedding events to life.
The Wheeler House and Barn,"Ball Ground, GA",$$,251-300 Guests,5,122,"The Wheeler House is a rustic barn wedding venue bursting with Southern charm, dating back to 1906."
Carl House,"Auburn, GA",$$$,201-250 Guests,4.8,186,Carl House is a historic home presented as an elegant destination for wedding celebrations.
Hi-Def Events,"Newnan, GA",$$,251-300 Guests,5,11,"Hi-Def Events offers a dazzling, modern atmosphere ideal for unique wedding styles."
Bradford House and Gardens,"Flowery Branch, GA",$$,101-150 Guests,5,42,Bradford House and Gardens is a classic southern home wedding venue nestled on seven gorgeous acres.
Lillian Gardens,"Newnan, GA",$$$,151-200 Guests,5,38,Lillian Gardens is a full-service event venue dedicated to providing unique client experiences.
Vinewood Stables,"Newnan, GA",$$$,201-250 Guests,4.9,90,Vinewood Stables is a historic homestead and wedding venue with an original farmhouse.
Koury Farms Weddings & Events,"Auburn, GA",$$,151-200 Guests,5,112,Koury Farms Weddings & Events is a picturesque venue providing historic settings and expansive pastures.
The Engine Room,"Monroe, GA",$$,300+ Guests,0,0,The Engine Room offers historical elegance with modern convenience in a unique setting.
Lanier Islands Weddings,"Buford, GA",$$$,300+ Guests,4.7,170,Lanier Islands Weddings provides breathtaking backdrops and world-class amenities.
In The Woods,"Rockmart, GA",$$$,201-250 Guests,5,23,In The Woods is a state-of-the-art wedding venue located on a secluded family-owned property.
Cherokee County Conference Center @ The Bluffs,"Canton, GA",$$,251-300 Guests,5,3,"The Cherokee County Conference Center features over 8,000 sq ft of configurable conference space."
Four Oaks Manor,"Buford, GA",$$,101-150 Guests,4.7,50,"Four Oaks Manor is a garden wedding venue located in a historic farmhouse, circa 1920."
The Venue at Stillwater Pond,"Temple, GA",$$,151-200 Guests,0,0,The Venue at Stillwater Pond is a stunning wedding venue nestled on 53 acres of picturesque property.
Fendley Farmstead LLC,"Canton, GA",$$,151-200 Guests,5,114,Fendley Farmstead is a picturesque farm wedding venue providing historic settings and expansive pastures.
Mystic Acres Barn,"Griffin, GA",$$,251-300 Guests,0,0,Mystic Acres Barn is a beautiful wedding venue rooted in a family's dream to host weddings on their farm.
Cold Creek Farm,"Dawsonville, GA",$$,201-250 Guests,4.8,22,Cold Creek Farm Wedding Venue offers a picturesque place for couples to celebrate their love in the North Georgia mountains.
The Georgia Club,"Statham, GA",$$$,251-300 Guests,4.8,6,"The Georgia Club is a one-of-a-kind wedding venue in Statham, GA, featuring an outdoor wedding garden and customizable reception venues."
Sage Cottage,"Adairsville, GA",$$,151-200 Guests,4.9,10,"Welcome to Sage Cottage, the premier wedding venue in North Georgia, where your dream wedding becomes a reality."
"The Venue at Sharp Mountain, LLC","Jasper, GA",$$$,251-300 Guests,5.0,60,"Voted The Knot Best of Weddings, The Venue at Sharp Mountain, LLC is a wedding and events venue located in Jasper, GA."
The Willows Farm,"Marble Hill, GA",$$,201-250 Guests,5.0,101,"Located in Marble Hill, GA, The Willows Farm is a country event venue that hosts weddings amid rolling hills."
Beautiful Beginnings Farm,"Newborn, GA",$,101-150 Guests,5.0,140,"Beautiful Beginnings Farm is a charming venue owned by a happily married couple, perfect for intimate weddings."
Barn South,"Talmo, GA",N/A,201-250 Guests,5.0,11,"Barn South exemplifies a luxury Southern destination with natural character, located north of Atlanta."
Autumn Oaks of Winder,"Winder, GA",$$,101-150 Guests,5.0,2,Autumn Oaks of Winder is a charming wedding venue perfect for hosting your celebration in the heart of Winder.
Hightower Falls,"Cedartown, GA",$$,251-300 Guests,4.9,93,Hightower Falls is a picturesque wedding venue featuring a natural 80 ft. waterfall and historic gristmill ruins.
The Tate House,"Tate, GA",$$$,201-250 Guests,5.0,35,"The Tate House is a historic wedding venue built in 1921, constructed with Etowah pink marble."
"Thompson House & Gardens, 9 Oaks Farm, & 2425 Warehouse","Monroe, GA",$$,151-200 Guests,4.9,67,"This venue offers three beautiful locations, including a stunning vintage Victorian home built in 1888."
Gaither's at Myrtle Creek Farm,"Covington, GA",$$,151-200 Guests,5.0,3,"Located in the rolling hills of Covington, GA, Gaither's at Myrtle Creek Farm is a historic setting for weddings."
Spring Lake Events,"Rockmart, GA",$$,151-200 Guests,5.0,20,"Spring Lake Events features calm waters and beautiful willow trees, creating a serene wedding atmosphere."
Magnolia Creek Farms,"Adairsville, GA",$$$,300+ Guests,5.0,6,"Magnolia Creek Farms is a countryside setting ideal for weddings, featuring 170 acres of tranquil grounds."
Swan Lake Overlook,"Dawsonville, GA",$$$,251-300 Guests,5.0,13,Swan Lake Overlook is a modern and elegant wedding venue nestled in the countryside of Dawsonville.
2400 On The River,"Ranger, GA",$$$,151-200 Guests,4.9,35,2400 On The River is a rustic riverfront wedding venue surrounded by the foothills of the Appalachian Mountains.
Juliette Chapel,"Dahlonega, GA",$$,51-100 Guests,5.0,36,Juliette Chapel & Events is ideal for intimate affairs and smaller private celebrations.
The Chapel Athens,"Athens, GA",$$$,251-300 Guests,5.0,17,"The Chapel Athens is a pristine downtown estate for weddings, engagements, and anniversaries."
Montaluce Winery & Estates,"Dahlonega, GA",$$$,151-200 Guests,4.7,48,Montaluce Winery & Estates offers a stunning Tuscan-inspired setting in the heart of the North Georgia mountains.
The Sixty Two,"Atlanta, GA",$$,151-200 Guests,5.0,2,The Sixty Two is a unique wedding venue that sets the stage for the celebration of a lifetime.
1051 Baxter,"Athens, GA",$,251-300 Guests,5.0,1,"1051 Baxter is a brand new events facility in the heart of Athens, GA."
Ivy & Oak,"Talking Rock, GA",$$,151-200 Guests,5.0,35,Ivy & Oak is a breathtaking venue nestled in the North Georgia mountains with a chic and elegant design.
Summit Farm Weddings,"Ellijay, GA",$$,101-150 Guests,5.0,118,Summit Farm Weddings is an enchanting countryside event venue with a panoramic view of the Appalachian Mountains.
Georgian Hall,"Athens, GA",$$$,201-250 Guests,5.0,104,The Georgian Hall is an elegant location ideal for wedding ceremonies and receptions.
The Venue on Broad,"Athens, GA",$$,201-250 Guests,5.0,4,The Venue on Broad offers a unique style that fuses an old New Orleans vibe with industrial architecture.
Strawberry Roan Farm's Barn,"Dahlonega, GA",$$,101-150 Guests,5.0,1,Strawberry Roan Farm's Barn is a stunning and unique wedding venue located in beautiful Dahlonega.
255 Milledge | Hardeman-Sams Estate,"Athens, GA",$$$,151-200 Guests,5.0,122,"At 255 Milledge, we believe that life’s greatest moments deserve nothing less than extraordinary celebrations."
Ott Vineyards and Winery,"Ellijay, GA",N/A,N/A,0,0,Ott Vineyards and Winery is a family-owned venue set on 20 lush acres with panoramic views.
Taylor Estate,"Rome, GA",N/A,N/A,5.0,2,"The Lodge at Taylor Estate is a newly-built, elegant venue that can accommodate up to 350 guests."
The Falls at Blue Ridge,"Ellijay, GA",$$$$,251-300 Guests,5.0,3,The Falls at Blue Ridge is a stunning wedding venue nestled on 700 acres in the Blue Ridge Mountains.
Cloverleaf Farm,"Arnoldsville, GA",$$,300+ Guests,4.9,72,Cloverleaf Farm is a stunning wedding venue set amidst a 30-acre farm just outside of Athens.
Walnut Hill Farm,"Dalton, GA",$$,300+ Guests,4.8,16,Walnut Hill Farm is an affordable venue that can host large gatherings.
CeNita Venue at CeNita Vineyards & Winery,"Cleveland, GA",$$,151-200 Guests,5,73,"CeNita Venue at CeNita Vineyards is a wedding venue in the foothills of the Northeast Georgia Mountains in Cleveland, GA."
South Elm Events,"Commerce GA, Athens GA",$$,101-150 Guests,5,3,South Elm Events offers a breathtaking ceremony bathed in sunlight and an elegant reception filled with laughter.
Yonah Mountain Vineyards,"Cleveland, GA",$$$,201-250 Guests,5,56,"Yonah Mountain Vineyards is a charming, sprawling wedding venue located in Cleveland, GA."
Grant Hill Farms,"Commerce, GA",$$,201-250 Guests,5,70,"Nestled among 88 acres of peaceful Commerce, GA, farmland, Grant Hill Farms is perfect for weddings or special events."
The Farm at Ashley Ridge,"Cleveland, GA",$$,151-200 Guests,5,12,"The Farm at Ashley Ridge is a serene countryside wedding venue located in Cleveland, GA."
McEachin Farm,"Athens, Northeast GA, Hartwell, Commerce",$$,101-150 Guests,5,2,"McEachin Farm is a stunning wedding venue in Atlanta, GA, perfect for unforgettable memories."
Enotah Valley Event Center,"Blairsville, GA",$$,51-100 Guests,5,5,"Enotah Valley is a rustic setting for weddings, owned by a couple married for more than 30 years."
Butler Hall Events,"Gray, GA",$$,201-250 Guests,5,1,"Butler Hall Events is a historic wedding venue in Gray, Georgia, originally a large car garage."
Overlook 55,"Young Harris, GA",$$$$,151-200 Guests,5,7,Overlook 55 is a captivating wedding venue that blends rustic charm with timeless elegance.
Brasstown Valley Resort & Spa,"Young Harris, GA",$$$,151-200 Guests,4.9,79,Brasstown Valley Resort & Spa offers breathtaking mountain views and unique venues.
The Barn at Young Harris,"Young Harris, GA",$$$,151-200 Guests,5,42,The Barn at Young Harris is located on 30 acres of pasture with breathtaking panoramic views.
Currahee Club,"Toccoa, GA",$$$,101-150 Guests,5,10,"Currahee Club features serene lake and mountain views, offering a unique blend of sophistication and rustic charm."
Lake Rabun Hotel & Restaurant,"Lakemont, GA",$$,101-150 Guests,5,2,"Forest Lodge Wedding and Event Center has two covered, open-air decks and a cozy indoor gas fireplace."
Rustic Vows,"Mineral Bluff, GA",$$,51-100 Guests,5,1,Rustic Vows offers an idyllic barn-style setting for creating bespoke wedding events.
The Estate at Stone Creek,"Macon, GA",$$,201-250 Guests,4.8,5,"The Estate at Stone Creek boasts over 100 acres of beautiful landscape and a historic 2,900 square feet venue."
The Ridges Resort on Lake Chatuge,"Hiawassee, GA",$$$,201-250 Guests,4.8,48,The Ridges Resort on Lake Chatuge is the only lakeside mountain resort in Georgia.
Meadows at Mossy Creek,"Cleveland, GA",$$$$,251-300 Guests,5,39,Meadows at Mossy Creek is a stylish and contemporary property ideal for big-day celebrations.
Hawkesdene,"Andrews, NC",$$$,101-150 Guests,5,59,"Hawkesdene is a Private Mountain Estate located in Andrews, NC."
The Dogwood Barn at G5Ranch,"Milledgeville, GA",$$$,300+ Guests,5,16,The Dogwood Barn is a premier wedding venue ideal for rustic romantic events.
Windsong Willows,"Hayesville, NC",$$,101-150 Guests,5,3,Windsong Willows is a charming new wedding venue designed for couples seeking an authentic nature-based wedding experience.
Cloudland at McLemore Resort,"Rising Fawn, GA",$$$,251-300 Guests,4.2,6,Cloudland at McLemore Resort offers breathtaking views in every direction.
Tryphena's Garden,"Fort Valley, GA",$$,151-200 Guests,4.9,18,The Venue at Tryphena's Garden is a fairytale-like wedding and events venue.
Skull Shoals Park,"Historic Washington, GA",$$,201-250 Guests,0,0,Skull Shoals Park is a 68 acre outdoor venue ideal for couples who hope to be surrounded by nature.
Kingsland Farm,"Hawkinsville, GA",$$,151-200 Guests,5,1,Kingsland Farm is a picturesque and reclusive wedding venue surrounded by calm rural beauty.
Forest Hill Park,"Perry, GA",$$,51-100 Guests,4.9,21,Forest Hill Park features a picturesque 1920's white wedding chapel.
Southern Fox Winery,"Lincolnton, GA",$$,51-100 Guests,5,2,Southern Fox Winery is an indoor-outdoor setting ideal for intimate celebrations.
The Icehouse Dublin,"Dublin, GA",$$,300+ Guests,5,1,"The Icehouse Dublin is a beautifully restored, historic warehouse blending Southern style with modern flair."
The Partridge Inn,"Augusta, GA",$$$,101-150 Guests,3.7,3,"The Partridge Inn provides an elegant, timelessly beautiful setting for milestone celebrations."
Padgett's Farm,"Waynesboro, GA",,251-300 Guests,5,1,Padgett's Farm is a gem of a wedding venue nestled on 610 acres of breathtaking nature.
Quinney Oaks Plantation,"Millen, GA",$$,300+ Guests,4.8,18,"In Millen, GA, Quinney Oaks Plantation is a wedding venue that can make every occasion feel special."
Rumbling Bald on Lake Lure,"Lake Lure, NC",$$,300+ Guests,4.4,46,"Rumbling Bald on Lake Lure is the premier wedding destination located in Lake Lure, North Carolina, overlooking the picturesque lake and with awe-inspiring mountain views."
